sentiment,final_tweet,sentiment_norm
0.0,lha maruk blt kelian orang,0
0.0,daftar blt bbm online hp aplikasi cek bansos cair bantu rp,0
0.0,daftar blt bbm online hp aplikasi cek bansos cair bantu rp,0
14.28571429,bukti kadrun tabiat karakter cundang senang rekayasa,1
11.11111111,siapsiap blt bbm cair november lihat nama terima mu,1
9.090909091,jadwal cair bsu tahap serta cek syarat cair terima blt rp,1
12.5,cair bsu tahap cek terima blt rp akses,1
0.0,baca berita bener drun progam blt pro rakyat miskin,0
0.0,blt masuk daftar gmn,0
0.0,blt sasar,0
10.0,dicerot terima blt bbm warga dawuhan wetan gruduk kantor balaidesa,1
28.57142857,terima kasih program blt blsm perintah ban,1
22.22222222,kinasih kadrun nikmat bantu sosial blt bpum dll pe,1
6.25,karan nat rim kelas keset jokowi loe kere kronis jokowi pintar dn kaya dr loe el,1
0.0,blt pkh,0
0.0,blt bantu masyarakat,0
0.0,blt sasar rakyat,0
0.0,ribu kemudi surabaya blt bbm pemkot,0
12.5,main pelosok orang kaya raya lihat antri blt,1
16.66666667,kpm bengkulu rasa manfaat blt bbm,1
10.0,bansos jaga daya beli masyarakat jambi dukung blt bbm sasar,1
25.0,bagi blt bbm bsu mudah cepat sasar jambi dukung blt bbm sasar,1
30.0,ayo bijak manfaat blt bbm jambi dukung blt bbm sasar,1
9.090909091,blt bbm dongkrak daya beli masyarakat jambi dukung blt bbm sasar,1
30.0,perintah upaya lindung baik masyarakat jambi dukung blt bbm sasa,1
30.0,ekosistem data lindung sosial integrasi jambi dukung blt bbm sasar,1
30.0,perintah upaya lindung baik masyarakat jambi dukung blt bbm sasa,1
-20.0,blt bbm cegah ancam inflasi,-1
-20.0,blt bbm cegah ancam inflasi,-1
-20.0,blt bbm cegah ancam inflasi,-1
-20.0,blt bbm cegah ancam inflasi,-1
0.0,lha maruk blt kelian orang,0
0.0,blt,0
15.38461538,cek terima bsu tahap cair kantor pos login link cair blt subsidi gaji,1
0.0,puluh warga desa dawuhan wetan lumajang protes anulir terima blt bbm verifikasi,0
-33.33333333,blt bom turun,-1
0.0,nyiar blt,0
-14.28571429,bohong menteri profesional ngutang blt copras capres,-1
0.0,realisasi blt bbm pemkot gelontor pengemudiangkot,0
0.0,langkah perintah blt bsu,0
0.0,id dumdum junjung lu blt,0
0.0,jatim jokowi rajin blusukan duit blt nyampe pd bener susah,0
0.0,apresiasi salur blt bbm tahap ii,0
0.0,bpum cair cek nama dapat blt umkm rp,0
0.0,bpum cair cek nama dapat blt umkm rp,0
-16.66666667,id dumdum negara wajib layan layan,-1
14.28571429,robin dasar nunafik klau udah iri dengk,1
0.0,naaaah bukti pasti rakyat tekan naik pahlaw,0
0.0,blt bantu,0
0.0,blt bantu,0
0.0,blt bantu,0
0.0,blt bantu,0
0.0,blt bantu,0
0.0,blt bantu,0
0.0,blt bantu,0
0.0,blt bantu,0
0.0,blt bantu,0
0.0,blt bantu,0
0.0,blt bantu,0
0.0,blt bantu,0
0.0,blt bantu,0
0.0,blt bantu,0
0.0,blt bantu,0
0.0,blt bantu,0
0.0,blt bantu,0
0.0,blt bantu,0
0.0,blt bantu,0
0.0,blt bantu,0
20.0,salur bansos blt dampak positif,1
0.0,beri blt perintah dampak thdp putar roda ekonomi,0
0.0,beri blt perintah dampak thdp putar roda ekonomi,0
0.0,apresiasi salur blt bbm tahap ii,0
0.0,beri blt perintah dampak thdp putar roda ekonomi,0
0.0,cuman sodorka bojonegoro blora dpt harga meter negara ri adany,0
0.0,beri blt perintah dampak thdp putar roda ekonomi,0
0.0,beri blt perintah dampak thdp putar roda ekonomi,0
0.0,pemkot surabaya gerojok blt bbm rp kemudi,0
0.0,beri blt perintah dampak thdp putar roda ekonomi,0
0.0,cair rp ribu peroang bulan,0
0.0,beri blt perintah dampak thdp putar roda ekonomi,0
0.0,beri blt perintah dampak thdp putar roda ekonomi,0
0.0,beri blt perintah dampak thdp putar roda ekonomi,0
25.0,blt bbm bantal sosial,1
0.0,prayoga beri blt perintah dampak thdp putar roda ekonomi,0
0.0,beri blt perintah dampak thdp putar roda ekonomi,0
0.0,beri blt perintah dampak thdp putar roda ekonomi,0
0.0,beri blt perintah dampak thdp putar roda ekonomi,0
0.0,beri blt perintah dampak thdp putar roda ekonomi,0
0.0,beri blt perintah dampak thdp putar roda ekonomi,0
0.0,salur blt bbm persen dki jakarta,0
0.0,masyarakat apresiasi blt rakyat dki jakarta,0
0.0,alhamdulillah blt cair dki jakarta,0
22.22222222,dukung program perintah cepat salur blt wilayah dki jakarta,1
-7.142857143,tangan dampak inflasi pemkot surabaya gelontor rp miliar blt bbm kemudi perintah kota pemkot,-1
12.5,mantap blt cair moga manfaat warga dki jakarta,1
11.11111111,mari dukung kawal salur blt wilayah dki jakarta sasar,1
12.5,asyik blt cair abangmpok ojol oktober dki jakarta,1
0.0,masyarakat apresiasi blt rakyat wilayah dki jakarta sasar,0
16.66666667,dukung bagi blt sasar dki jakarta,1
0.0,beri blt perintah dampak thdp putar roda ekonomi,0
16.66666667,bagi blt mudah sasar dki jakarta,1
0.0,beri blt perintah dampak thdp putar roda ekonomi,0
6.666666667,babinsa karangmojo serma suprapto giat riah benih padi sumber dana blt dd apem desa karangmojo,1
11.11111111,masyarakat kategori blt balita cek nama terima dapat rp,1
11.11111111,masyarakat kategori blt balita cek nama terima dapat rp,1
0.0,beri blt perintah dampak thdp putar roda ekonomi,0
0.0,moriya rena cover majalah blt graph vol rilis tanggal oktober,0
40.0,ayo bijak manfaat blt bbm,1
40.0,manfaat guna blt bbm bijak,1
0.0,blt bbm dongkrak daya beli masyarakat,0
0.0,beri blt perintah dampak thdp putar roda ekonomi,0
0.0,beri blt perintah dampak thdp putar roda ekonomi,0
0.0,beri blt perintah dampak thdp putar roda ekonomi,0
0.0,beri blt perintah dampak thdp putar roda ekonomi,0
0.0,beri blt perintah dampak thdp putar roda ekonomi,0
0.0,beri blt perintah dampak thdp putar roda ekonomi,0
0.0,beri blt perintah dampak thdp putar roda ekonomi,0
0.0,beri blt perintah dampak thdp putar roda ekonomi,0
0.0,beri blt perintah dampak thdp putar roda ekonomi,0
14.28571429,kemudi transportasi halut terima blt bbm halmahera,1
-18.75,kurang dampak inflasi pemkot kota surabaya serah bantu langsung tunai bahan bakar minyak blt bbm kep,-1
0.0,beri blt perintah dampak thdp putar roda ekonomi,0
11.11111111,top blt subsidi bbm bukti ampuh kendali laju inflasi,1
0.0,gsp mending elo sono antri blt nge bacot,0
0.0,gsp elo buzzerrp mending antri blt sono,0
14.28571429,cek terima blt bbm tahap cair login,1
14.28571429,cek terima blt bbm tahap cair login,1
-11.11111111,pemkot surabaya bagi blt bbm kemudi angkut tekan inflasi,-1
9.090909091,bsu tahap cair simak info jadwal cair blt subsidi gaji rp,1
9.090909091,bsu tahap cair simak info jadwal cair blt subsidi gaji rp,1
-22.22222222,presiden joko widodo tingkat inflasi ri golong rendah kendali,-1
0.0,remember blt,0
0.0,mau blt,0
0.0,blt bbm jaga daya beli masyarakat,0
11.11111111,bantal sosial blt subsidi bbm bukti laju inflasi kendali,1
16.66666667,bagi blt mudah sasar dki jakarta,1
16.66666667,dukung kawal salur blt dki jakarta,1
16.66666667,blt bbm sanagat manfaat dki jakarta,1
0.0,salur blt bbm persen dki jakarta,0
0.0,masyarakat apresiasi blt rakyat dki jakarta,0
0.0,masyarakat apresiasi blt rakyat dki jakarta,0
0.0,hore blt cair dki jakarta,0
28.57142857,dukung perintah cepat salur blt dki jakarta,1
14.28571429,mantap blt cair moga manfaat dki jakarta,1
16.66666667,blt bbm sanagat manfaat dki jakarta,1
0.0,salur blt bbm persen dki jakarta,0
16.66666667,dukung kawal salur blt dki jakarta,1
14.28571429,asyik blt cair ojol oktober dki jakarta,1
0.0,masyarakat apresiasi blt rakyat dki jakarta,0
16.66666667,bagi blt mudah sasar dki jakarta,1
20.0,dukung blt sasar dki jakarta,1
0.0,blt bantu ekonomi masyarakat dki jakarta indonesia,0
0.0,salur blt bbm persen dki jakarta,0
16.66666667,dukung kawal salur blt dki jakarta,1
0.0,masyarakat apresiasi blt perintah dki jakarta,0
16.66666667,bagi blt mudah sasar dki jakarta,1
20.0,dukung blt sasar dki jakarta,1
0.0,prayoga blt subsidi bbm bukti jaga inflasi jaga,0
15.38461538,naik harga bbm subsidi akibat sesuai harga pasca alih anggar subsidi wujud da,1
0.0,bal tbn tl jatim pct mgtn bjn grk sb sda lmj bwi mla tla trg blt mlg jateng yk kndl smg kltn wngr sumsel lmp ntb,0
0.0,blt subsidi bbm ampuh kendali inflasi,0
16.66666667,gapapa lahh beli pertamina kek vivo kek bijak perintah alih subsidi bb,1
33.33333333,ayo manfaat guna blt bbm bijak,1
20.0,perhati terima blt bbm jambi,1
14.28571429,mari bijak manfaat blt bbm suara bal,1
0.0,blt bbm dongkrak daya beli masyarakat jambi,0
0.0,pohan uang blt,0
33.33333333,guna blt bijak,1
0.0,masyarakat bantu blt,0
40.0,bijak manfaat blt bbm jambi,1
0.0,blt bantu masyarakat,0
25.0,bagi blt bbm bsu mudah cepat sasar jambi,1
0.0,salur blt sasar,0
33.33333333,blt manfaat masyarakat,1
0.0,alihsubsidi bbm sektor produktif blt bsu suara bal,0
50.0,mari bijak manfaat blt,1
0.0,presiden joko widodo arah kendali inflasi subsidi naik tarif tra,0
12.5,perintah wujud alokasi subsidi sasar salur blt bbm,1
12.5,perintah wujud alokasi subsidi sasar salur blt bbm,1
12.5,perintah wujud alokasi subsidi sasar salur blt bbm,1
30.0,perintah upaya baik lindung masyarakat daerah istimewa yogyakarta blt bbm,1
12.5,perintah wujud alokasi subsidi sasar salur blt bbm,1
12.5,perintah wujud alokasi subsidi sasar salur blt bbm,1
-9.090909091,heuhwuhwuhwu silah ambil blt mu dpn kantor pos bsk sampe tinggal,-1
11.11111111,bansos jaga masyarakat daerah istimewa yogyakarta blt bbm yogyakarta,1
8.333333333,blt bbm dongkrak daya beli masyarakat daerah istimewa yogyakarta blt bbm yogyakarta,1
30.0,masyarakat bijak manfaat bltbbm daerah istimewa yogyakarta blt bbm yogyakarta,1
30.0,ayo bijak manfaat bltbbm daerah istimewa yogyakarta blt bbm yogyakarta,1
20.0,dukung penuh salur blt bbm,1
0.0,catat ribu kemudi surabaya jatah blt bbm total nila rp miliar,0
0.0,bantu langsung tunai blt bbm jaga daya beli masyarakat antasipasi dampak,0
0.0,perintah upaya blt sasar,0
28.57142857,bagi blt bbm bsu mudah cepat sasar,1
28.57142857,lugo ambil contoh pandemic blt subsidi upah,1
0.0,ojolnya nerima blt bbm beli yakkk wekekekek,0
-8.333333333,tanjung menteri status nkri eh tangkap kpk ambil jatah blt rakyat miskin,-1
0.0,sekretaris kota administrasi jakarta timur fredy setiawan pimpin rapat koordinasi kait maksimal penyalu,0
0.0,radikalisme nyata doktor kait harga harga rakyat cerdas dampak krisis global berte,0
10.0,masyarakat jawa timur syukur salur blt bbm jawa timur jalan,1
33.33333333,terima kasih warga jawa timur senang blt bbm diber,1
28.57142857,subsidi jawa timur jalan sasar berkat blt,1
18.18181818,masyarakat jawa timur apresiasi dukung komitmen perintah pasti dana blt mantap,1
20.0,ayoo gaess masyarakat lampung dukung bijak perintah perihal blt bbm,1
25.0,masyarakat lampung dukung penuh bijak perintah blt bbm,1
16.66666667,lampung apresiasi bijak perintah blt bbm,1
33.33333333,masyarakat lampung dukung bijak blt bbm,1
10.0,terimakasih jokowi blt bbm bantu masyarakat jawa timur terima ka,1
20.0,penyeluran blt bbm mudah masyarakat butuh masyarakat lampung dukung blt,1
20.0,ayoo gaess masyarakat lampung dukung bijak perintah perihal blt bbm,1
0.0,mantap program blt rasa masyarakat jawa timur,0
25.0,masyarakat lampung dukung penuh bijak perintah blt bbm,1
16.66666667,lampung apresiasi bijak perintah blt bbm,1
33.33333333,masyarakat lampung dukung bijak blt bbm,1
16.66666667,masyarakat jawa timur apresiasi dukung komitmen perintah pasti dana blt mantap tep,1
20.0,penyeluran blt bbm mudah masyarakat butuh masyarakat lampung dukung blt,1
20.0,ayoo gaess masyarakat lampung dukung bijak perintah perihal blt bbm,1
25.0,masyarakat lampung dukung penuh bijak perintah blt bbm,1
-22.22222222,blt bukti tahan inflasi jaga daya beli kelompok rentan,-1
16.66666667,lampung apresiasi bijak perintah blt bbm,1
33.33333333,masyarakat lampung dukung bijak blt bbm,1
20.0,penyeluran blt bbm mudah masyarakat butuh masyarakat lampung dukung blt,1
20.0,ayoo gaess masyarakat lampung dukung bijak perintah perihal blt bbm,1
25.0,masyarakat lampung dukung penuh bijak perintah blt bbm,1
16.66666667,lampung apresiasi bijak perintah blt bbm,1
33.33333333,masyarakat lampung dukung bijak blt bbm,1
20.0,penyeluran blt bbm mudah masyarakat butuh masyarakat lampung dukung blt,1
20.0,ayoo gaess masyarakat lampung dukung bijak perintah perihal blt bbm,1
25.0,masyarakat lampung dukung penuh bijak perintah blt bbm,1
16.66666667,lampung apresiasi bijak perintah blt bbm,1
33.33333333,masyarakat lampung dukung bijak blt bbm,1
20.0,penyeluran blt bbm mudah masyarakat butuh masyarakat lampung dukung blt,1
20.0,ayoo gaess masyarakat lampung dukung bijak perintah perihal blt bbm,1
25.0,masyarakat lampung dukung penuh bijak perintah blt bbm,1
16.66666667,lampung apresiasi bijak perintah blt bbm,1
33.33333333,masyarakat lampung dukung bijak blt bbm,1
0.0,mahasiswa wakil rakyat jawa timur dukung salur bansos blt,0
20.0,penyeluran blt bbm mudah masyarakat butuh masyarakat lampung dukung blt,1
20.0,ayoo gaess masyarakat lampung dukung bijak perintah perihal blt bbm,1
25.0,masyarakat lampung dukung penuh bijak perintah blt bbm,1
16.66666667,lampung apresiasi bijak perintah blt bbm,1
33.33333333,masyarakat lampung dukung bijak blt bbm,1
-10.0,eri cahyadi atas dampak inflasi gelontor rp blt bbm mud,-1
20.0,penyeluran blt bbm mudah masyarakat butuh masyarakat lampung dukung blt,1
0.0,presiden serah bsu blt bbm kota bandung oktober,0
0.0,blt bantu masyarakat jawa timur,0
0.0,mahasiswa wakil rakyat jawa timur dukung salur bansos blt,0
40.0,manfaat guna blt bbm bijak,1
0.0,sesuai harga bbm dampak signifikan inflasi kendali inflasi,0
0.0,blt emang duit nenek lu,0
0.0,trimakasih blt jokowi masyarakat jawa timur bantu,0
0.0,daftar bansos online cair blt balita hamil tahap,0
0.0,daftar bansos online cair blt balita hamil tahap,0
25.0,mi ayam blt enak,1
0.0,blt cuan lg,0
0.0,blt bbm dongkrak daya beli masyarakat kalimantan,0
33.33333333,manfaat guna blt bbm bijak kalimantan,1
33.33333333,ayo bijak manfaat blt bbm kalimantan,1
0.0,blt bbm dongkrak daya beli masyarakat kalimantan,0
9.090909091,blt bbm dongkrak daya beli masyarakat pulau riau dukung blt bbm,1
33.33333333,manfaat guna blt bbm bijak kalimantan,1
33.33333333,ayo bijak manfaat blt bbm kalimantan,1
33.33333333,manfaat blt bbm bijak pulau riau dukung blt bbm,1
-8.333333333,perintah usaha kendali inflasi akibat sesuai harga bbm harga barangbarang pasar alam,-1
33.33333333,bijak manfaat blt bbm pulau riau dukung blt bbm,1
16.66666667,kabar gembira blt bbm tahap cair,1
-18.18181818,pasca sesuai harga bbm perintah milik strategi jitu buruk inflasi parah,-1
16.66666667,kabar gembira blt bbm tahap cair,1
16.66666667,kabar gembira blt bbm tahap cair,1
16.66666667,kabar gembira blt bbm tahap cair,1
16.66666667,kabar gembira blt bbm tahap cair,1
0.0,perintah blt bbm warga jambi,0
9.090909091,bantal sosial subsidi blt bbm jaga tingkat laju inflasi laju inflasi,1
0.0,sesuai harga bbm dampak pd inflasi langkah kendali inflasi pasca sesuai harga bbm dian,0
16.66666667,per siap bantu blt bbm subsidi upah pasca naik harga bbm jambi,1
0.0,salur blt bbm apresiasi masyarakat,0
0.0,salur blt bbm apresiasi masyarakat,0
0.0,salur blt bbm apresiasi masyarakat,0
0.0,salur blt bbm apresiasi masyarakat,0
0.0,blt bbm dongkrak daya beli masyarakat kalimantan,0
33.33333333,manfaat guna blt bbm bijak kalimantan,1
33.33333333,ayo bijak manfaat blt bbm kalimantan,1
14.28571429,upaya perintah blt bbm bantal sosial masyarakat,1
28.57142857,sumsel keluarga terima manfaat kpm blt bbm,1
25.0,masyarakat jawa timur terima kasih presiden jokowi salur,1
14.28571429,blt bbm dukung tumbuh ekonomi jawa timur,1
0.0,blt bantu masyarakat jawa timur,0
16.66666667,dukung kawal salur blt dki jakarta,1
37.5,blt hak rakyat indonesia terima kasih presiden perintah,1
16.66666667,blt bbm sanagat manfaat dki jakarta,1
37.5,blt hak rakyat indonesia terima kasih presiden perintah,1
37.5,blt hak rakyat indonesia terima kasih presiden perintah,1
0.0,salur blt bbm persen dki jakarta,0
37.5,blt hak rakyat indonesia terima kasih presiden perintah,1
0.0,masyarakat apresiasi blt rakyat dki jakarta,0
0.0,hore blt cair dki jakarta,0
28.57142857,dukung perintah cepat salur blt dki jakarta,1
14.28571429,mantap blt cair moga manfaat dki jakarta,1
16.66666667,blt bbm sanagat manfaat dki jakarta,1
0.0,salur blt bbm persen dki jakarta,0
16.66666667,dukung kawal salur blt dki jakarta,1
14.28571429,asyik blt cair ojol oktober dki jakarta,1
0.0,masyarakat apresiasi blt rakyat dki jakarta,0
14.28571429,masyarakat jawa timur sambut blt bbm perintah,1
16.66666667,bagi blt mudah sasar dki jakarta,1
20.0,dukung blt sasar dki jakarta,1
16.66666667,dukung blt bantu masyrakat jawa timur,1
0.0,blt bantu masyarakat jawa timur,0
14.28571429,blt bbm dukung tumbuh ekonomi jawa timur,1
-20.0,blt cair sasar rakyat khawatir,-1
16.66666667,terimakasih blt bbm jawa timur bahagia,1
16.66666667,ardi masyarakat jawa timur apresiasi dukung komitmen perintah pasti dana blt ma,1
16.66666667,terimakasih blt bbm jawa timur bahagia,1
0.0,blt bbm bantu sasar,0
25.0,syukur blt bbm blt,1
0.0,perintah gencar salur blt bbm masyarakat,0
14.28571429,masyarakat jawa timur dukung blt bbm sasar,1
9.090909091,blt tukang becakojol cair komunitas ojol jawa timur dukung salur blt,1
0.0,blt bbm ringan beban masyarakat,0
33.33333333,blt efektif sasar,1
28.57142857,ayo bijak manfaat blt bbm sumatera utara,1
14.28571429,masyarakat jawa timur sambut blt bbm perintah,1
33.33333333,dukung salur blt,1
28.57142857,manfaat guna blt bbm bijak sumatera utara,1
16.66666667,dukung blt bantu masyrakat jawa timur,1
18.18181818,mantap moga cepat selesai sasar daerah istimewa yogyakarta blt bbm yogyakarta,1
20.0,blt bbm manfaat masyarakat daerah istimewa yogyakarta blt bbm yogyakarta,1
0.0,masyarakat paham putus sulit ambil perintah daerah istimewa yogyakarta blt bbm yogyaka,0
16.66666667,jokowi salur blt bbm jt terima daerah istimewa yogyakarta blt bbm yogyakarta,1
0.0,blt bbm bukti hadir negara bantu masyarakat rentan daerah istimewa yogyakarta blt bbm yogyakarta,0
21.42857143,harga bbm sesuai perintah siap bantu blt bsu daerah istimewa yogyakarta blt bbm yogyakarta,1
18.18181818,perintah salut blt bbm tahap daerah istimewa yogyakarta blt bbm yogyakarta,1
18.18181818,ardi terimakasih jokowi blt bbm bantu masyarakat jawa timur terima kasih,1
12.5,nusa tenggara timur manfaat blt bbm rasa masyarakat,1
0.0,blt bbm dongkrak daya beli masyarakat sumatera utara,0
0.0,mantap program blt rasa masyarakat jawa timur,0
14.28571429,masyarakat jawa timur dukung blt bbm sasar,1
11.11111111,ardi perintah hasil salur blt bbm rata jawa timur,1
18.18181818,ardi blt bbm tangan masyarakat jawa timur bawa bahagia mantap dukung,1
0.0,ardi warga jawa timur bantu blt,0
14.28571429,ardi terimakasih blt bbm jawa timur bahagia,1
10.0,perintah hasil salur blt bbm rata jawa timur rasa dam,1
20.0,dukung blt sasar dki jakarta,1
16.66666667,bagi blt mudah sasar dki jakarta,1
0.0,masyarakat apresiasi blt rakyat dki jakarta,0
12.5,cok blt bbm dukung tumbuh ekonomi jawa timur,1
30.0,ardi terima kasih warga jawa timur senang blt bbm diberika,1
14.28571429,asyik blt cair ojol oktober dki jakarta,1
16.66666667,dukung kawal salur blt dki jakarta,1
9.090909091,ardi perintah hasil salur blt bbm rata jawa timur rasa dampak,1
0.0,salur blt bbm persen dki jakarta,0
16.66666667,blt bbm sanagat manfaat dki jakarta,1
14.28571429,mantap blt cair moga manfaat dki jakarta,1
28.57142857,dukung perintah cepat salur blt dki jakarta,1
0.0,hore blt cair dki jakarta,0
0.0,warga jawa timur bantu blt,0
0.0,masyarakat apresiasi blt rakyat dki jakarta,0
14.28571429,blt bbm dukung tumbuh ekonomi jawa timur,1
16.66666667,dukung blt bantu masyrakat jawa timur,1
0.0,warga jawa timur bantu blt,0
0.0,salur blt bbm persen dki jakarta,0
16.66666667,blt bbm sanagat manfaat dki jakarta,1
16.66666667,dukung kawal salur blt dki jakarta,1
16.66666667,bagi blt mudah sasar dki jakarta,1
33.33333333,manfaat guna blt bbm bijak yaa,1
40.0,ayo bijak manfaat blt bbm,1
0.0,warga jawa timur bantu blt,0
20.0,blt bantu giat ekonomi masyarakat,1
16.66666667,manfaat guna blt bbm dki jakarta,1
0.0,blt bantu dki jakarta,0
16.66666667,ardi jawa timur dukung blt sasar,1
25.0,bijak blt dki jakarta,1
0.0,blt bbm dongkrak daya beli dki jakarta,0
14.28571429,ayo bijak manfaarkan blt bbm dki jakarta,1
0.0,blt bbm donkrak daya beli masyarakat,0
18.18181818,perintah hasil salur blt bbm rata jawa timur rasa dampak positif,1
0.0,mantap program blt rasa masyarakat jawa timur,0
0.0,perintah pasti blt sasar rakyat jawa timur rasa,0
33.33333333,manfaat guna blt bbm bijak yaa,1
40.0,ayo bijak manfaat blt bbm,1
33.33333333,terima kasih warga jawa timur senang blt bbm mantap,1
20.0,blt bantu giat ekonomi masyarakat,1
0.0,perintah pasti blt sasar rakyat jawa timur rasa,0
9.090909091,blt tukang becakojol cair komunitas ojol jawa timur dukung salur blt,1
13.33333333,bantu produktif usaha mikro bantu sosial tunai blt dana desa program kartu pra kerja ditingkatk,1
25.0,blt bbm manfaat nyaa,1
9.090909091,masyarakat nusa tenggara timur dukung program blt bbm bantu ekonomi masyarakat,1
0.0,blt bbm dongkrak daya beli masyarakat,0
50.0,bijak manfaat blt bbm,1
22.22222222,bagi blt bbm bsu mudah cepat sasar apel pagi,1
0.0,bantu langsung tunai blt bbm jaga daya beli masyarakat bagi antasipasi dampak,0
40.0,manfaat guna blt bbm bijak,1
0.0,robin demo dikit demo nganggur be,0
0.0,masyarakat apresiasi blt bbm perintah,0
14.28571429,dukung perintah salur blt tukang becak ojol,1
20.0,dukung salur blt bbm masyarakat,1
0.0,blt bbm dongkrak daya beli masyarakat apel pagi,0
0.0,masyarakat apresiasi blt bbm perintah,0
30.0,manfaat guna blt bbm bijak papua barat dukung blt bbm,1
30.0,manfaat guna blt bbm bijak papua barat dukung blt bbm,1
30.0,manfaat guna blt bbm bijak papua barat dukung blt bbm,1
30.0,manfaat guna blt bbm bijak papua barat dukung blt bbm,1
30.0,manfaat guna blt bbm bijak papua barat dukung blt bbm,1
14.28571429,dukung perintah salur blt tukang becak ojol,1
16.66666667,manfaat guna blt bbm apel pagi,1
-20.0,putus jokowi bagi blt bbm,-1
28.57142857,ayo bijak manfaat blt bbm apel pagi,1
14.28571429,dukung perintah salur blt tukang becak ojol,1
25.0,subsidi blt bbm bantu,1
14.28571429,dukung perintah salur blt tukang becak ojol,1
14.28571429,blt bbm lindung rakyat gejolak harga global,1
20.0,dukung salur blt bbm masyarakat,1
20.0,dukung salur blt bbm masyarakat,1
25.0,bijak konsumsi blt bbm,1
0.0,masyarakat apresiasi blt bbm perintah,0
-20.0,putus jokowi bagi blt bbm,-1
14.28571429,dukung perintah salur blt tukang becak ojol,1
0.0,blt bbm dongkrak daya beli masyarakat,0
40.0,ayo manfaat blt bbm positif,1
0.0,blt bantu masyarakat jawa timur,0
0.0,blt bbm dongkrak daya beli masyarakat,0
12.5,cok masyarakat jawa timur dukung blt bbm sasar,1
10.0,perintah hasil salur blt bbm rata jawa timur rasa dampa,1
0.0,bantu blt bantu masyarakat nusa tenggara timur,0
12.5,perintah hasil salur blt bbm rata jawa timur,1
28.57142857,manfaat guna blt bbm bijak sulawesi barat,1
14.28571429,blt bbm dukung tumbuh ekonomi jawa timur,1
33.33333333,bijak blt bbm,1
28.57142857,ayo bijak manfaat blt bbm sumatera utara,1
40.0,manfaat guna blt bbm bijak,1
20.0,info warga nusa tenggara barat terima kasih bantu blt bbm,1
20.0,info warga nusa tenggara barat terima kasih bantu blt bbm,1
20.0,info warga nusa tenggara barat terima kasih bantu blt bbm,1
20.0,info warga nusa tenggara barat terima kasih bantu blt bbm,1
20.0,info warga nusa tenggara barat terima kasih bantu blt bbm,1
0.0,ardi warga jawa timur bantu blt,0
22.22222222,info blt sasar masyarakat nusa tenggara barat nikmat manfaat,1
22.22222222,info blt sasar masyarakat nusa tenggara barat nikmat manfaat,1
22.22222222,info blt sasar masyarakat nusa tenggara barat nikmat manfaat,1
11.11111111,presiden ri modal modal kerja blt bbm sumatera utara,1
22.22222222,info blt sasar masyarakat nusa tenggara barat nikmat manfaat,1
22.22222222,info blt sasar masyarakat nusa tenggara barat nikmat manfaat,1
14.28571429,blt bbm dukung tumbuh ekonomi jawa timur,1
18.18181818,info masyarakat nusa tenggara barat dukung blt bbm efektif bantu masyarakat,1
0.0,mantap nominal blt bbm tambah presiden joko widodo sumatera utara,0
18.18181818,info masyarakat nusa tenggara barat dukung blt bbm efektif bantu masyarakat,1
18.18181818,info masyarakat nusa tenggara barat dukung blt bbm efektif bantu masyarakat,1
18.18181818,info masyarakat nusa tenggara barat dukung blt bbm efektif bantu masyarakat,1
0.0,cok terimakasih jokowi bantu jawa timur blt bukti hadir perintah teng,0
50.0,terima blt,1
11.11111111,perintah behasil salur blt bbm rata wilayah sumatera utara,1
11.11111111,ardi perintah hasil salur blt bbm rata jawa timur,1
20.0,masyarakat jawa timur terima kasih presiden jokowi salur blt bbm,1
16.66666667,perintah salur blt bbm cepat sasar,1
-14.28571429,blt bbm bsu masyarakat meringakan beban masyarakat,-1
0.0,blt bbm dongkrak daya beli masyarakat,0
0.0,warga jawa timur bantu blt,0
28.57142857,perintah blt bbm masyarakat cepat mudah sasar,1
16.66666667,alih subsidi bbm blt bbm lindung masyarakat gejolak harga global sumatera utara,1
33.33333333,ayo bijak manfaat blt bbm perintah,1
16.66666667,masyarakat jawa timur terima blt bbm,1
0.0,ardi warga jawa timur bantu blt,0
28.57142857,terima blt guna blt manfaat sumatera utara,1
14.28571429,jokowi langsung membagibagikan terima blt upah daerah,1
0.0,blt bbm wujud perhati perintah rakyat sumatera utara,0
0.0,woow nomonial blt tambah gaes,0
16.66666667,manfaatkangunakan blt perintah manfaat sumatera utara,1
0.0,blt bbm dongkrak daya beli masyarakat,0
0.0,terimakasih jokowi bantu jawa timur blt bukti hadir pe,0
-20.0,masyarakat rentan bantu blt bbm,-1
20.0,salur blt bbm nilai sasar,1
20.0,blt bbm ringan ekonmi masyarakat,1
25.0,cok masyarakat jawa timur dukung cepat bagi blt,1
0.0,blt bbm salur progres persen sumatera utara,0
0.0,presiden jamin blt bbm sasar sumatera utara,0
0.0,warga jawa timur bantu blt,0
40.0,manfaat guna blt bbm bijak,1
11.11111111,terimakasih presiden jokowi cepat distribusi blt bbm sumatera utara,1
10.0,perintah jg bansos blt subsidi upah atas dampak naik bbm,1
40.0,ayo bijak manfaat blt bbm,1
0.0,miliar blt bagi masyarakat,0
0.0,jokowi pantau langsung beri blt bbm,0
22.22222222,gagas bsu blt bijak perintah selamat masyarakat sumatera utara,1
25.0,blt bbm salur cepat,1
-20.0,masyarakat rentan bantu blt bbm,-1
0.0,perintah pasti blt sasar rakyat jawa timur rasa,0
0.0,blt bbm sasar sulawesi selat,0
0.0,blt bbm jaga daya tahan beli masyarakat,0
0.0,blt bbm langkah subusidi,0
0.0,jokowi tambah nominal blt bbm,0
0.0,mantaap nomininal blt bbm tambah,0
0.0,terimakasih jokowi bantu jawa timur blt bukti hadir,0
0.0,masyarakat sumatera utara alhamdulillah blt bbm cair november,0
0.0,masyarakat sumatera utara alhamdulillah blt bbm cair november,0
0.0,blt bbm dongkrak daya beli masyarakat,0
16.66666667,bagi blt bbm bsu cepat sasar,1
50.0,manfaat blt bbm bijak,1
0.0,terimakasih jokowi bantu jawa timur blt bukti hadir pem,0
0.0,perintah memasktikan distribusi blt bbm lewat,0
20.0,jokowi cepat distribusi blt bbm,1
28.57142857,perintah salur blt bbm masif cepat aman,1
0.0,woow nomonial blt tambah gaes,0
28.57142857,perintah salur blt bbm masif cepat aman,1
33.33333333,blt bbm positif,1
-20.0,masyarakat rentan bantu blt bbm,-1
28.57142857,perintah salur blt bbm masif cepat aman,1
20.0,salur blt bbm nilai sasar,1
0.0,perintah pasti blt sasar rakyat jawa timur rasa,0
20.0,blt bbm ringan ekonmi masyarakat,1
28.57142857,perintah salur blt bbm masif cepat aman,1
20.0,blt bbm efektif bantu masyarakat,1
0.0,miliar blt bagi masyarakat,0
28.57142857,perintah salur blt bbm masif cepat aman,1
16.66666667,perintah salur blt bbm cepat sasar,1
16.66666667,perintah salur blt bbm cepat sasar,1
16.66666667,perintah salur blt bbm cepat sasar,1
16.66666667,perintah salur blt bbm cepat sasar,1
16.66666667,perintah salur blt bbm cepat sasar,1
16.66666667,perintah salur blt bbm cepat sasar,1
0.0,jokowi pantau langsung beri blt bbm,0
28.57142857,perintah salur blt bbm masif cepat aman,1
0.0,blt bbm solusi,0
25.0,blt bbm salur cepat,1
-20.0,masyarakat rentan bantu blt bbm,-1
-14.28571429,blt bbm bsu masyarakat meringakan beban masyarakat,-1
-14.28571429,blt bbm bsu masyarakat meringakan beban masyarakat,-1
-14.28571429,blt bbm bsu masyarakat meringakan beban masyarakat,-1
-14.28571429,blt bbm bsu masyarakat meringakan beban masyarakat,-1
-14.28571429,blt bbm bsu masyarakat meringakan beban masyarakat,-1
-14.28571429,blt bbm bsu masyarakat meringakan beban masyarakat,-1
20.0,blt bbm bijak kawan semangatt,1
0.0,blt bbm sasar sulawesi selat,0
20.0,blt bbm bijak kawan semangatt,1
0.0,blt bbm jaga daya tahan beli masyarakat,0
25.0,blt bbm bijak blt bbm efektif bantu masyarakat,1
0.0,blt bbm langkah subusidi,0
20.0,blt bbm bijak kawan semangatt,1
0.0,blt bbm dongkrak daya beli masyarakat,0
0.0,blt bbm dongkrak daya beli masyarakat,0
0.0,blt bbm dongkrak daya beli masyarakat,0
0.0,jokowi tambah nominal blt bbm,0
0.0,blt bbm dongkrak daya beli masyarakat,0
0.0,blt bbm dongkrak daya beli masyarakat,0
0.0,blt bbm dongkrak daya beli masyarakat,0
25.0,bansos lindung masyarakat blt bbm efektif bantu masyarakat,1
0.0,mantaap nomininal blt bbm tambah,0
37.5,bijak manfaat blt blt bbm efektif bantu masyarakat,1
20.0,dukung salur blt bbm masyarakat,1
11.11111111,pembangian blt bbm rata masyarakat indonesia nusa tenggara timur,1
20.0,dukung salur blt bbm masyarakat,1
20.0,dukung salur blt bbm masyarakat,1
33.33333333,bijak manfaat blt bbm blt bbm efektif bantu masyarakat,1
20.0,dukung salur blt bbm masyarakat,1
20.0,dukung salur blt bbm masyarakat,1
20.0,dukung salur blt bbm masyarakat,1
28.57142857,perintah blt bbm masyarakat cepat mudah sasar,1
20.0,dukung salur blt bbm masyarakat,1
28.57142857,perintah blt bbm masyarakat cepat mudah sasar,1
28.57142857,perintah blt bbm masyarakat cepat mudah sasar,1
28.57142857,perintah blt bbm masyarakat cepat mudah sasar,1
28.57142857,perintah blt bbm masyarakat cepat mudah sasar,1
20.0,dukung salur blt bbm masyarakat,1
28.57142857,perintah blt bbm masyarakat cepat mudah sasar,1
20.0,dukung salur blt bbm masyarakat,1
20.0,dukung salur blt bbm masyarakat,1
20.0,dukung salur blt bbm masyarakat,1
20.0,dukung salur blt bbm masyarakat,1
0.0,blt jawa timur jalan lancar,0
20.0,dukung salur blt bbm masyarakat,1
33.33333333,ayo bijak manfaat blt bbm perintah,1
33.33333333,ayo bijak manfaat blt bbm perintah,1
33.33333333,ayo bijak manfaat blt bbm perintah,1
33.33333333,ayo bijak manfaat blt bbm perintah,1
33.33333333,ayo bijak manfaat blt bbm perintah,1
33.33333333,ayo bijak manfaat blt bbm perintah,1
33.33333333,ayo bijak manfaat blt bbm perintah,1
50.0,semangat blt bbm bijak,1
33.33333333,manfaat blt bbm,1
28.57142857,arek suroboyo jawa timur bahagia syukur blt,1
0.0,blt bbm masyarakat,0
12.5,alhamdulilah lumayan entuk kartune masio entuk blt ne,1
7.692307692,serda wahyu hermanto babinsa adimulyo kodim kbm damping warga bina terima bantu langsung,1
20.0,jokowi cepat distribusi blt bbm,1
0.0,perintah blt sasar,0
25.0,ayo manfaat blt bbm,1
33.33333333,ardi warga jawa timur syukur bahagia terima blt bbm,1
25.0,ardi masyarakat jawa timur dukung cepat bagi blt,1
0.0,perintah upaya blt sasar,0
0.0,arek suroboyo jawa timur kawal salur blt lancar,0
0.0,blt bbm salur,0
20.0,masyarakat jawa timur terima kasih presiden jokowi salur blt bbm,1
0.0,aduuh mah emosi jiwa raga maap nihbistrinya hmmm blt,0
0.0,blt bbm sebar,0
28.57142857,arek suroboyo jawa timur bahagia syukur blt,1
14.28571429,blt bbm dukung tumbuh ekonomi jawa timur,1
0.0,blt bbm bantu masyarakat,0
0.0,arek suroboyo jawa timur kawal salur blt lancar,0
33.33333333,terima kasih masyarakat jawa timur senang blt bbm manta,1
0.0,hore blt cair dki jakarta,0
28.57142857,dukung perintah cepat salur blt dki jakarta,1
14.28571429,mantap blt cair moga manfaat dki jakarta,1
16.66666667,blt bbm sanagat manfaat dki jakarta,1
0.0,salur blt bbm persen dki jakarta,0
16.66666667,dukung kawal salur blt dki jakarta,1
14.28571429,asyik blt cair ojol oktober dki jakarta,1
0.0,masyarakat apresiasi blt rakyat dki jakarta,0
16.66666667,bagi blt mudah sasar dki jakarta,1
20.0,dukung blt sasar dki jakarta,1
11.11111111,pembangian blt bbm rata masyarakat indonesia nusa tenggara timur,1
14.28571429,masyarakat jawa timur dukung blt bbm sasar,1
37.5,warga jawa timur syukur bahagia terima blt bbm,1
0.0,blt bantu masyarakat jawa timur,0
0.0,daya beli masyarakat kendali karna blt,0
33.33333333,ardi warga jawa timur syukur bahagia terima blt bbm,1
0.0,ardi blt bantu masyarakat jawa timur,0
33.33333333,blt bbm bijak,1
0.0,asikkk blt cairr,0
0.0,blt dongkrak daya beli masyarakat,0
33.33333333,yuk manfaat blt,1
37.5,warga jawa timur syukur bahagia terima blt bbm,1
33.33333333,terima kasih masyarakat jawa timur senang blt bbm manta,1
0.0,blt bbm dongkrak daya beli masyarakat,0
50.0,manfaat blt bbm bijak,1
28.57142857,arek suroboyo jawa timur bahagia syukur blt,1
40.0,ayo bijak manfaat blt bbm,1
0.0,ardi blt bantu masyarakat jawa timur,0
18.18181818,ardi arek jawa timur ber terima kasih perintah salur blt tep,1
22.22222222,masyarakat jawa timur senang blt sasar manfaat butuh seharihari,1
20.0,arek jawa timur ber terima kasih perintah salur blt sasar,1
33.33333333,dukung blt bbm,1
0.0,blt bbm dongkrak daya beli masyarakat,0
40.0,manfaat guna blt bbm bijak,1
12.5,ardi masyarakat jawa timur sambut blt bbm perintah,1
0.0,blt bbm dongkrak beli masyarakat,0
25.0,aceh hadir dukung proeses distribusi blt cepat aceh,1
40.0,ayo bijak manfaat blt bbm,1
40.0,manfaat guna blt bbm bijak,1
33.33333333,blt bbm bijak,1
14.28571429,aceh hadir dukung masyarakat ijak blt aceh,1
40.0,ayo bijak manfaat blt bbm,1
8.333333333,ardi asosiasi ojol jawa timur apresiasi blt bbm bantu ringan ekonomi mere,1
22.22222222,ardi masyarakat jawa timur terima kasih presiden jokowi salur,1
0.0,pakai blt bbm beli hp,0
0.0,takalarbabinsa koramil marbo desa tope jawa sertu jafri laksana pantau salur bl,0
0.0,blt jawa timur jalan lancar,0
40.0,ayo bijak manfaat blt bbm,1
12.5,ardi blt bbm dukung tumbuh ekonomi jawa timur,1
28.57142857,subsidi jawa timur jalan sasar berkat blt,1
0.0,moga daya beli masyarakat bantu blt bbm,0
25.0,ayoo bijak blt bbm,1
0.0,blt bbm jaga ekonomi masyarakat,0
28.57142857,manfaat pengunaan blt bbm bijak gaya hidup,1
16.66666667,dukung perintah bagi blt bbm bengkulu,1
0.0,manfaat blt bbm malu jaga ekonomi masyarakat,0
18.18181818,ardi blt bbm tangan masyarakat jawa timur bawa bahagia mantap dukung,1
0.0,dampak harga minyak dunia perintah salur blt bbm bsu,0
33.33333333,manfaat guna blt bbm bijak bengkulu,1
18.18181818,salur blt sasar bismillah maju bangsa jaga apbn aceh hadir dukung,1
18.18181818,salur blt sasar bismillah maju bangsa jaga apbn aceh hadir dukung,1
0.0,blt bbm dongkrak daya beli,0
20.0,masyarakat jawa timur terima kasih presiden jokowi salur blt bbm,1
0.0,blt bbm bantu masyarakat daerah gorontalo,0
33.33333333,ayo bijak manfaat blt bbm bengkulu,1
20.0,terimakasih blt bbm aceh terima blt bbm aceh hadir dukung,1
20.0,terimakasih blt bbm aceh terima blt bbm aceh hadir dukung,1
0.0,blt bbm dongkrak daya beli masyarakat bengkulu,0
0.0,blt bbm bantu masyarakat daerah gorontalo,0
14.28571429,ardi dukung blt bantu masyrakat jawa timur,1
33.33333333,cepat sasar kalimantan dukung blt bbm,1
40.0,mudah kalimantan dukung blt bbm,1
50.0,bijak manfaat kalimantan dukung blt bbm,1
0.0,blt bantu masyarakat,0
33.33333333,marm nikmat blt,1
33.33333333,cepat sasar kalimantan dukung blt bbm,1
40.0,mudah kalimantan dukung blt bbm,1
50.0,bijak manfaat kalimantan dukung blt bbm,1
0.0,sesuai harga bbm dampak inflasi perintah salur bantu langsung tunai blt yan,0
9.090909091,blt tukang becakojol cair komunitas ojol jawa timur dukung salur blt,1
33.33333333,cepat sasar kalimantan dukung blt bbm,1
40.0,mudah kalimantan dukung blt bbm,1
50.0,bijak manfaat kalimantan dukung blt bbm,1
33.33333333,cepat sasar kalimantan dukung blt bbm,1
40.0,mudah kalimantan dukung blt bbm,1
50.0,bijak manfaat kalimantan dukung blt bbm,1
33.33333333,cepat sasar kalimantan dukung blt bbm,1
40.0,mudah kalimantan dukung blt bbm,1
50.0,bijak manfaat kalimantan dukung blt bbm,1
16.66666667,dukung blt bantu masyrakat jawa timur,1
25.0,blt bbm manfaat mantap,1
25.0,blt bbm manfaat mantap,1
16.66666667,bawa sektor alih blt manfaat asa,1
0.0,blt bbm dongkrak daya beli masyarakat,0
9.090909091,blt bbm jaga daya beli masyarakat naga antisipasi sesuai harga bbm,1
16.66666667,ardi jawa timur dukung blt sasar,1
12.5,masyarakat kalimantan kawal sukses blt bbm sasar kalimantan,1
0.0,josss banget blt bbm bantu ekonomi masyarakat,0
12.5,ardi blt bbm dukung tumbuh ekonomi jawa timur,1
16.66666667,bagi blt mudah sasar dki jakarta,1
16.66666667,dukung kawal salur blt dki jakarta,1
16.66666667,blt bbm sanagat manfaat dki jakarta,1
0.0,salur blt bbm persen dki jakarta,0
0.0,masyarakat apresiasi blt rakyat dki jakarta,0
0.0,hore blt cair dki jakarta,0
28.57142857,dukung perintah cepat salur blt dki jakarta,1
14.28571429,mantap blt cair moga manfaat dki jakarta,1
16.66666667,blt bbm sanagat manfaat dki jakarta,1
0.0,salur blt bbm persen dki jakarta,0
16.66666667,dukung kawal salur blt dki jakarta,1
14.28571429,asyik blt cair ojol oktober dki jakarta,1
0.0,masyarakat apresiasi blt rakyat dki jakarta,0
16.66666667,bagi blt mudah sasar dki jakarta,1
20.0,dukung blt sasar dki jakarta,1
14.28571429,bangga banget lolos resesi berkat blt bbm,1
50.0,blt bbm subsidi adil,1
18.18181818,blt bbm tangan masyarakat jawa timur bawa bahagia mantap dukung program,1
25.0,pulau bangka belitung ayo bijak manfaat blt bbm,1
16.66666667,terimakasih blt bbm jawa timur bahagia,1
0.0,blt bbm tingkat daya beli masyarakat,0
42.85714286,berkat blt mayoritas masyarakat puas kerja jokowi,1
14.28571429,ardi dukung blt bantu masyrakat jawa timur,1
11.11111111,masyarakat aceh bantu bantu blt sasar aceh hadir dukung,1
20.0,dukung salur blt bbm masyarakat,1
11.11111111,masyarakat aceh bantu bantu blt sasar aceh hadir dukung,1
0.0,blt jawa timur jalan lancar,0
14.28571429,dukung perintah salur blt tukang becak ojol,1
14.28571429,blt bbm lindung rakyat gejolak harga global,1
9.090909091,blt bbm bukti perhati perintah masyarakat tengah bawah aceh hadir dukung,1
25.0,jawa dukung salur blt,1
25.0,jawa dukung salur blt,1
9.090909091,blt bbm bukti perhati perintah masyarakat tengah bawah aceh hadir dukung,1
20.0,dukung salur blt bbm masyarakat,1
-20.0,putus jokowi bagi blt bbm,-1
9.090909091,blt tukang becakojol cair komunitas ojol jawa timur dukung salur blt,1
14.28571429,dukung perintah salur blt tukang becak ojol,1
22.22222222,arek jawa timur ber terima kasih perintah salur blt,1
-20.0,putus jokowi bagi blt bbm,-1
33.33333333,masyarakat gorontalo rasa manfaat blt bbm terima kasih perintah,1
14.28571429,dukung perintah salur blt tukang becak ojol,1
14.28571429,blt bbm lindung rakyat gejolak harga global,1
20.0,dukung salur blt bbm masyarakat,1
0.0,presiden jokowi serah langsung blt bbm bsu kantor pos,0
0.0,blt bbm salah terap subsidi sasar,0
-20.0,putus jokowi bagi blt bbm,-1
14.28571429,dukung perintah salur blt tukang becak ojol,1
18.18181818,presiden jokowi cepat distribusi blt bbm blt bbm efektif bantu masyarakat,1
0.0,khawatir perintah anggar apbn bantu masyarakat blt bbm efektif bantu masyarakat,0
0.0,blt bbm bentuk peduli perintah masyarakat pulau bangka belitung,0
28.57142857,arek suroboyo jawa timur bahagia syukur blt,1
50.0,lindung sosial blt sasar,1
18.18181818,blt bbm tangan masyarakat jawa timur bawa bahagia mantap dukung program,1
40.0,manfaat guna blt bbm bijak,1
22.22222222,kenal bantu sosial perintah blt bbm efektif bantu masyarakat,1
0.0,blt bbm dongkrak daya beli masyarakat,0
40.0,perintah upaya lindung baik masyarakat,1
25.0,wujud masyarakat sejahtera beri blt sasar terima manfaat,1
30.0,blt bbm lindung sejahtera masyarakat terima kasih perintah sumatera barat,1
40.0,ayo bijak manfaat blt bbm,1
-9.090909091,ojol bkn dar ojol jln daerah menganalisa peetanyaan masyarakat miskin da,-1
0.0,bansos,0
0.0,perintah upaya sejahtera rakyat blt bbm,0
40.0,ayo bijak manfaat blt bbm,1
40.0,manfaat guna blt bbm bijak,1
0.0,blt bbm dorong daya beli masyarakat pulau bangka belitung,0
0.0,khawatir perintah anggar apbn bantu masyarakat blt bbm efektif bantu masyarakat,0
0.0,perintah salur blt bbm daerah indonesia masyarakat sejahtera sumatera barat,0
10.0,ayo bijak blt bbm blt bbm dongkrak daya beli masyarakat,1
0.0,blt bbm ringan beban rakyat pulau bangka belitung,0
20.0,dukung salur blt bbm masyarakat,1
0.0,ardi blt jawa timur jalan lancar,0
14.28571429,blt bbm lindung rakyat gejolak harga global,1
11.11111111,blt bbm stabil daya beli masyarakat tingkat ekonomi masyarakat,1
14.28571429,blt bbm lindung rakyat gejolak harga global,1
18.18181818,blt bbm tangan masyarakat jawa timur bawa bahagia mantap dukung prog,1
14.28571429,blt bbm lindung rakyat gejolak harga global,1
0.0,jawa timur bantu blt sasar mantap,0
20.0,dukung salur blt bbm masyarakat,1
22.22222222,perintah presiden jokowi bagi blt bbm cepat mudah sasar,1
0.0,presiden jokowi serah langsung blt bbm bsu kantor pos,0
0.0,blt bbm salah terap subsidi sasar,0
0.0,masyarakat apresiasi blt bbm perintah,0
0.0,tingkat inflasi indonesia jaga bukti bijak blt bbm dampak ba,0
-20.0,putus jokowi bagi blt bbm,-1
14.28571429,dukung perintah salur blt tukang becak ojol,1
50.0,lindung sosial blt sasar,1
22.22222222,masyarakat jawa timur apresiasi dukung komitmen perintah pasti da,1
37.5,warga jawa timur syukur bahagia terima blt bbm,1
0.0,mantap blt cair bantu masyarakat jawa timur,0
40.0,manfaat guna blt bbm bijak,1
0.0,blt bbm dongkrak daya beli masyarakat,0
40.0,perintah upaya lindung baik masyarakat,1
25.0,terima kasih warga jawa timur blt sasar memba,1
25.0,ardi arek suroboyo jawa timur bahagia syukur blt,1
0.0,bansos,0
0.0,negara duduk sejahtera trus rumah hrs pake kompor liatrik pikir kehidupa,0
40.0,ayo bijak manfaat blt bbm,1
0.0,blt bbm sejahtera rakyat,0
40.0,manfaat guna blt bbm bijak,1
40.0,blt perintah lindung baik masyarakat,1
0.0,arek suroboyo jawa timur kawal salur blt lancar,0
14.28571429,jokowi langsung membagibagikan terima blt upah daerah,1
18.18181818,perintah bantu sosial bansos bantu langsung tunai blt subsidi upah menga,1
16.66666667,bagi blt mudah sasar dki jakarta,1
12.5,ardi blt bbm dukung tumbuh ekonomi jawa timur,1
0.0,terimakasih blt pulau bangka belitung,0
14.28571429,jokowi langsung membagibagikan terima blt upah daerah,1
18.18181818,perintah bantu sosial bansos bantu langsung tunai blt subsidi upah menga,1
14.28571429,manfaat guna blt bbm pulau bangka belitung,1
16.66666667,dukung kawal salur blt dki jakarta,1
16.66666667,blt bbm sanagat manfaat dki jakarta,1
0.0,blt bantu masyarakat pulau bangka belitung,0
0.0,naik harga bbm ntar ganti blt blt blt masyarakat disoro,0
0.0,ardi blt jawa timur jalan lancar,0
0.0,salur blt bbm persen dki jakarta,0
0.0,masyarakat apresiasi blt rakyat dki jakarta,0
40.0,ayo bijak manfaat blt bbm,1
40.0,ayo bijak manfaat blt bbm,1
40.0,manfaat guna blt bbm bijak,1
0.0,hore blt cair dki jakarta,0
28.57142857,dukung perintah cepat salur blt dki jakarta,1
12.5,ardi blt bbm dukung tumbuh ekonomi jawa timur,1
0.0,bantu blt bbm sasar banten,0
0.0,blt bbm dongkrak daya beli masyarakat,0
14.28571429,jokowi langsung membagibagikan terima blt upah daerah,1
18.18181818,perintah bantu sosial bansos bantu langsung tunai blt subsidi upah menga,1
0.0,blt jawa timur jalan lancar,0
14.28571429,jokowi langsung membagibagikan terima blt upah daerah,1
14.28571429,dukung perintah bantu blt bbm sasar banten,1
18.18181818,perintah bantu sosial bansos bantu langsung tunai blt subsidi upah menga,1
-11.11111111,blt bbm bsu bantu masyarakat kalimantan utara masyarakat rentan,-1
22.22222222,bagi blt bbm rata masyarakat indonesia aceh hadir dukung,1
22.22222222,bagi blt bbm rata masyarakat indonesia aceh hadir dukung,1
14.28571429,mantap blt cair moga manfaat dki jakarta,1
16.66666667,blt bbm sanagat manfaat dki jakarta,1
25.0,blt ringan beban masyarakat kalimantan utara terima kasih,1
33.33333333,ayo bijak manfaat blt bbm banten,1
28.57142857,subsidi jawa timur jalan sasar berkat blt,1
0.0,blt bbm dongkrak daya beli masyarakat banten,0
0.0,blt angkat daya beli masyarakay sulawesi tenggara,0
0.0,salur blt bbm persen dki jakarta,0
16.66666667,dukung kawal salur blt dki jakarta,1
0.0,blt dongkrak daya beli masyarakat,0
40.0,manfaat guna blt bbm bijak,1
22.22222222,ardi cepat salur blt bbm masyarakat jawa timur bahagia,1
40.0,ayo bijak manfaat blt bbm,1
0.0,blt bbm dongkrak beli masyarakat gorontalo,0
14.28571429,asyik blt cair ojol oktober dki jakarta,1
0.0,masyarakat apresiasi blt rakyat dki jakarta,0
0.0,blt jawa timur jalan lancar,0
0.0,mantap blt bbm dongkrak daya beli masyarakat,0
11.11111111,masyarakat bijak blt bbm blt bbm dongkrak daya beli,1
33.33333333,manfaat guna blt bbm bijak gorontalo,1
27.27272727,menfaatkan guna blt bbm bijak bagi blt bsu mudah cepat sasar,1
0.0,blt bbm dongkrak daya beli masyarakat,0
9.090909091,blt bbm jaga daya beli masyarakat naga antisipasi sesuai harga bbm,1
0.0,blt bbm dongkrak daya beli masyarakat kalimantan,0
33.33333333,manfaat guna blt bbm bijak kalimantan,1
16.66666667,bagi blt mudah sasar dki jakarta,1
20.0,dukung blt sasar dki jakarta,1
33.33333333,ayo bijak manfaat blt bbm kalimantan,1
33.33333333,ayo bijak manfaat blt bbm gorontalo,1
10.0,blt bbm dongkrak daya beli masyarakat pasca sesuai harga bbm,1
0.0,blt bbm dongkrak daya beli masyarakat kalimantan,0
33.33333333,manfaat guna blt bbm bijak kalimantan,1
33.33333333,ayo bijak manfaat blt bbm kalimantan,1
0.0,blt bbm warga pra sejahtera apresiasi sulawesi barat,0
0.0,jawa timur bantu blt sasar mantap,0
25.0,ardi masyarakat jawa timur dukung cepat bagi blt,1
22.22222222,arek jawa timur ber terima kasih perintah salur blt,1
28.57142857,ayo bijak manfaat blt bbm sumatera utara,1
20.0,terima blt baris drun kwkwkwkw,1
0.0,perintah lindung rakyat blt sasar malu utara,0
11.11111111,masyarakat malu utara senang terima blt bbm malu utara,1
12.5,perintah cepat salur blt bbm masyarakat sumatera utara,1
12.5,ekonom jawa timur dukung blt sasar bantu masyarakat,1
22.22222222,indonesia kuat rakyat daerah istimewa yogyakarta blt bbm yogyakarta,1
14.28571429,manfaat guna blt bbm bijak malu utara,1
-12.5,blt bbm dongkrak daya beli masyarakat malu utara,-1
12.5,perintah cepat salur blt bbm masyarakat sumatera utara,1
22.22222222,dukung blt bbm daerah istimewa yogyakarta blt bbm yogyakarta,1
18.18181818,ardi terimakasih jokowi blt bbm bantu masyarakat jawa timur terima kasih,1
0.0,seruuu iihh bagi blt sasar sumatera utara,0
14.28571429,jokowi langsung membagibagikan terima blt upah daerah,1
30.0,indonesia hebat indonesia kuat daerah istimewa yogyakarta blt bbm yogyakarta,1
33.33333333,dukung blt perintah,1
18.18181818,perintah bantu sosial bansos bantu langsung tunai blt subsidi upah menga,1
9.090909091,blt bbm dongkrak daya beli daerah istimewa yogyakarta blt bbm yogyakarta,1
25.0,manfaat guna blt bbm,1
12.5,blt bbm moga manfaat masyarakat indonesia sumatera utara,1
18.18181818,masyarakat terima blt bbm bijak bantu salur rakyat nusa tenggara tim,1
0.0,blt bbm dongkrak daya beli masyarakat,0
18.18181818,dukung bantu langsung tunai perintah daerah istimewa yogyakarta blt bbm yogyakarta,1
0.0,jawa timur bantu blt sasar mantap,0
14.28571429,blt bbm manfaat masyarakat pulau bangka belitung,1
25.0,indonesia hebat daerah istimewa yogyakarta blt bbm yogyakarta,1
33.33333333,manfaat blt bbm,1
14.28571429,masyarakat jawa timur dukung blt bbm sasar,1
22.22222222,cepat tumbuh ekonomi daerah istimewa yogyakarta blt bbm yogyakarta,1
14.28571429,jokowi langsung membagibagikan terima blt upah daerah,1
18.18181818,perintah bantu sosial bansos bantu langsung tunai blt subsidi upah menga,1
20.0,ayo bijak manfaatka blt bbm,1
10.0,perintah lindung baik masyarakat salah satu bansos blt bbm bsu,1
0.0,presiden distribusi langsung blt masyarakat pulau bangka belitung,0
8.333333333,blt bbm dongkrak daya beli masyarakat daerah istimewa yogyakarta blt bbm yogyakarta,1
-10.0,apresiasi inflasi akibat sesuai harga bbm rendah prediksi andil pemerin,-1
0.0,blt bbm masyarakat pulau riau,0
25.0,warga jawa timur ucap terima kasih blt bbm,1
0.0,blt bbm masyarakat pulau riau,0
33.33333333,ardi terima kasih masyarakat jawa timur senang blt bbm,1
0.0,blt bbm masyarakat pulau riau,0
0.0,blt bbm masyarakat pulau riau,0
11.11111111,salur blt bbm langkah perintah wujud guna subsidi sasar,1
18.18181818,terima kasih perintah bagi bantu blt bbm masyarakat pulau bangka belitung,1
0.0,blt bbm masyarakat pulau riau,0
11.11111111,salur blt bbm langkah perintah wujud guna subsidi sasar,1
0.0,blt bbm masyarakat pulau riau,0
12.5,ekonom jawa timur dukung blt sasar bantu masyarakat,1
0.0,blt bbm dongkrak daya beli masyarakat gorontalo,0
11.11111111,salur blt bbm langkah perintah wujud guna subsidi sasar,1
0.0,blt bbm dipincarkan perintah pulau bangka belitung,0
0.0,blt bbm dongkrak daya beli masyarakat,0
33.33333333,bijak blt bbm,1
0.0,blt bbm jaga daya beli masyarakat pulau bangka belitung,0
14.28571429,jokowi langsung membagibagikan terima blt upah daerah,1
0.0,blt bbm bantu masyarakat,0
27.27272727,satu dukung blt sasar warga jawa timur dukung ber terima kasih,1
0.0,bantu blt bbm sasar banten,0
18.18181818,perintah bantu sosial bansos bantu langsung tunai blt subsidi upah menga,1
16.66666667,mantap dukung salur blt bbm sasar,1
0.0,blt bbm tahap cair,0
0.0,andalas pulau bangka belitung blt bbm dongkrak daya beli masyarakat,0
11.11111111,salur blt bbm langkah perintah wujud guna subsidi sasar,1
0.0,blt bbm dongkrak daya beli masyarakat pulau bangka belitung,0
0.0,salur blt bbm masyarakat sejahtera,0
0.0,perintah salur blt antisipasi dampak naik minyak dunia,0
0.0,pulau bangka belitung perintah upaya maksimal salur blt bbm,0
20.0,manfaat guna blt bbm banten,1
12.5,salur blt bbm bukti dampak positif sejahtera masyarakat,1
0.0,ferdy juang tp lo depan blthahahaha,0
25.0,blt sasar bantu masyarakat jawa timur dukung positif,1
0.0,bantu blt bbm sasar banten,0
0.0,mantap perintah gencar blt bbm pulau bangka belitung,0
10.0,langkah perintah salur blt bbm bukti efektif tingkat sejahtera masyarakat,1
0.0,bagi blt bbm sasar,0
14.28571429,pulau bangka belitung manfaat guna blt bbm,1
0.0,masyarakat sejahtera salur blt bbm,0
0.0,salur blt bbm masyarakat indonesia sejahtera,0
40.0,manfaat guna blt bbm bijak,1
0.0,pulau bangka belitung salur blt bbm,0
22.22222222,masyarakat terima kasih perintah salur blt bbm sejahtera masyarakat,1
0.0,jawa timur bantu blt sasar mantap,0
28.57142857,manfaat blt bbm bijak pulau bangka belitung,1
0.0,blt bbm bentuk peduli perintah masyarakat pulau bangka belitung,0
10.0,pulau bangka belitung salur blt bbm efektif bantu ekonomi masyarakat,1
12.5,blt bbm dampak positif masyarakat pulau bangka belitung,1
12.5,pulau bangka belitung blt bbm dampak positif masyarakat,1
12.5,masyarakat kalimantan kawal sukses blt bbm sasar kalimantan,1
14.28571429,kalimantan dukung penuh blt bbm sasar kalimantan,1
22.22222222,blt bbm bantu masyarakat jawa timur terima kasih jokowi,1
11.11111111,subsidi bbm blt sasar sanbutan dai jawa timur duk,1
0.0,pulau bangka belitung perintah salur blt bbm,0
14.28571429,blt bbm manfaat masyarakat pulau bangka belitung,1
0.0,pulau bangka belitung upaya perintah salur blt bbm,0
0.0,bro lo nyonyor wajar lha kritisi perintah karna satu,0
25.0,sesuai harga bbm kalimantan dukung blt bbm kalimantan,1
0.0,warga kalimantan bantu blt perintah kalimantan,0
14.28571429,kalimantan dukung perintah salur blt bbm kalimantan,1
25.0,sesuai harga bbm kalimantan dukung blt bbm kalimantan,1
12.5,garda terdepat dukung salur blt aceh hadir dukung,1
27.27272727,satu dukung blt sasar warga jawa timur dukung ber terima kasih,1
0.0,pulau bangka belitung perintah upaya salur blt bbm,0
14.28571429,jokowi langsung membagibagikan terima blt upah daerah,1
18.18181818,perintah bantu sosial bansos bantu langsung tunai blt subsidi upah menga,1
14.28571429,jokowi langsung membagibagikan terima blt upah daerah,1
18.18181818,perintah bantu sosial bansos bantu langsung tunai blt subsidi upah menga,1
0.0,blt bbm dongkrak daya beli masyarakat indonesia pulau bangka belitung,0
0.0,pulau bangka belitung salur blt bbm bantu ekonomi masyarakat,0
33.33333333,rakyat terima kasih perintah blt bbm,1
11.11111111,blt hamil balita cair buru simak cek nama terima,1
11.11111111,blt hamil balita cair buru simak cek nama terima,1
25.0,perintah blt bbm jambi dukung sesuai harga bbm,1
33.33333333,rakyat terima kasih perintah blt bbm,1
33.33333333,lurah manfaat guna blt bbm bijak,1
0.0,pulau bangka belitung blt bbm dongkrak daya beli masyarakat,0
28.57142857,masyarakat jawa timur dukung sambut blt sasar,1
25.0,blt bbm bahagia rakyat,1
14.28571429,pulau bangka belitung manfaat guna blt bbm,1
25.0,manfaat guna blt bbm,1
12.5,guna blt bbm penting masyarakat pulau bangka belitung,1
0.0,lurah blt bbm dongkrak daya beli masyarakat,0
0.0,blt bbm dongkrak daya beli masyarakat,0
16.66666667,blt bbm sasar aceh hadir dukung,1
0.0,pulau bangka belitung salur blt bbm,0
16.66666667,dukung perintah blt bbm bantu masyarakat,1
0.0,blt bbm bantu masyarakat indonesia pulau bangka belitung,0
22.22222222,terima kasih warga jawa timur blt sasar bantu rakyat,1
0.0,perintah upaya sejahtera rakyat blt bbm,0
25.0,blt bbm sejahtera rakyat terima kasih presiden jokowi,1
16.66666667,papua barat bijak manfaat blt bbm blt bbm blt bbm bantu masyarakat,1
0.0,blt sasar,0
0.0,salur blt bbm bantu masyarakat,0
